InputID,counts,2_1_1,2_1_2,2_1_3,2_1_4,2_1_5,cluster0,2_2_1,2_2_2,2_2_3,2_2_4,2_2_5,cluster1,2_3_1,2_3_2,2_3_3,2_3_4,2_3_5,cluster2,3_1_1,3_1_2,3_1_3,3_1_4,3_1_5,cluster3,3_2_1,3_2_2,3_2_3,3_2_4,3_2_5,cluster4,3_3_1,3_3_2,3_3_3,3_3_4,3_3_5,cluster5,4_1_1,4_1_2,4_1_3,4_1_4,4_1_5,cluster6,4_2_1,4_2_2,4_2_3,4_2_4,4_2_5,cluster7,4_3_1,4_3_2,4_3_3,4_3_4,4_3_5,cluster8,5_1_1,5_1_2,5_1_3,5_1_4,5_1_5,cluster9,5_2_1,5_2_2,5_2_3,5_2_4,5_2_5,cluster10,5_3_1,5_3_2,5_3_3,5_3_4,5_3_5,cluster11
31710071,60,F*_f,F*_s,F*_s,r_s,F*_f,0.0,r_s,r_s,r_s,r_s,r_s,1.0,r_f,F*_s,F*_s,F*_s,F*_s,1.0,F*_s,F*_s,F*_s,F*_s,F*_s,1.0,r_s,r_s,n_s,r_s,r_s,1.0,s_f,r_s,r_s,n_s,r_s,0.0,F*_s,F*_s,F*_s,F*_s,F*_s,0.0,F*_s,F*_s,F*_s,F*_s,n_s,2.0,r_f,s_s,s_s,s_s,s_s,1.0,F*_s,n_s,F*_s,n_s,r_s,0.0,r_s,r_s,n_s,n_s,n_s,0.0,r_s,n_s,n_s,n_s,n_s,1.0
31510074,60,n_s,n_s,r_s,r_s,r_s,1.0,r_s,r_s,r_s,r_s,r_s,1.0,r_s,r_s,F*_s,r_s,r_s,0.0,F*_s,F*_s,F*_s,n_s,n_s,2.0,n_s,F*_s,F*_s,F*_s,F*_s,0.0,F*_f,n_s,s_s,n_s,n_s,1.0,F*_s,F*_s,r_s,n_s,F*_s,0.0,r_s,r_s,n_s,F*_s,r_s,0.0,n_f,n_f,r_s,n_s,r_s,0.0,F*_s,n_s,n_s,r_s,r_s,2.0,r_s,r_s,r_s,r_s,r_s,1.0,r_s,F*_s,r_s,r_s,r_s,2.0
31510156,60,F*_s,F*_s,F*_s,F*_s,F*_s,0.0,r_s,r_s,r_s,r_s,r_s,1.0,n_s,F*_s,F*_s,F*_s,F*_s,2.0,F*_s,F*_s,F*_s,F*_s,F*_s,1.0,r_s,n_s,n_s,n_s,n_s,2.0,n_f,n_s,n_s,n_s,n_s,0.0,n_s,F*_s,F*_s,F*_s,F*_s,2.0,F*_s,F*_s,F*_s,F*_s,F*_s,0.0,s_s,n_s,n_f,s_s,s_s,0.0,n_s,F*_s,F*_s,n_s,F*_s,1.0,r_s,r_s,n_s,F*_s,n_s,2.0,s_s,r_s,r_s,r_s,r_s,2.0
31710156,60,n_f,n_s,F*_s,n_s,F*_f,1.0,n_f,n_f,r_s,r_s,n_s,0.0,r_f,r_s,F*_s,F*_s,F*_f,1.0,n_s,F*_s,F*_s,F*_s,F*_s,1.0,F*_s,F*_s,F*_s,F*_s,n_s,0.0,n_f,r_f,s_s,n_s,s_s,0.0,F*_s,F*_s,F*_s,n_s,F*_s,0.0,r_s,F*_s,F*_s,r_f,F*_s,0.0,F*_f,s_s,s_s,s_s,s_s,1.0,n_f,r_s,r_s,r_s,F*_s,1.0,r_f,r_f,n_s,n_f,n_s,0.0,r_f,r_s,r_s,r_s,r_f,2.0
31610121,60,n_s,r_s,r_s,r_s,r_s,2.0,r_s,r_s,r_s,r_s,r_s,1.0,r_f,r_s,r_s,r_s,r_s,0.0,F*_s,F*_s,n_s,F*_s,r_s,0.0,F*_s,n_s,F*_s,F*_s,F*_s,0.0,n_f,s_s,s_s,s_s,s_s,0.0,n_s,F*_s,F*_s,F*_s,F*_s,2.0,F*_s,F*_s,r_f,F*_s,F*_s,0.0,n_f,s_s,r_f,n_f,s_f,0.0,F*_s,r_s,F*_s,F*_s,n_s,0.0,F*_f,r_s,F*_s,F*_s,n_s,2.0,n_s,n_s,n_s,r_s,n_s,1.0
31710046,60,n_s,n_s,n_s,F*_s,F*_s,1.0,r_s,r_s,r_f,r_s,r_s,1.0,r_f,F*_f,F*_s,F*_s,F*_s,1.0,n_s,n_s,n_s,F*_s,n_s,0.0,s_f,n_s,n_s,n_s,r_s,2.0,n_f,n_s,s_s,s_s,s_f,0.0,n_s,F*_s,F*_s,F*_s,F*_s,2.0,n_f,F*_s,F*_s,s_f,F*_s,0.0,n_f,n_s,n_s,n_s,n_s,0.0,F*_s,n_s,F*_s,F*_s,F*_s,0.0,F*_s,n_s,n_s,n_f,n_s,0.0,r_f,r_s,r_f,r_s,r_s,2.0
31510058,60,F*_s,n_s,n_s,F*_s,F*_s,0.0,F*_f,F*_s,r_s,F*_s,n_s,2.0,r_s,r_s,r_s,r_s,F*_s,0.0,r_s,r_s,F*_s,n_s,n_s,2.0,F*_s,F*_s,n_s,F*_s,F*_s,1.0,r_f,n_f,F*_f,s_s,n_s,2.0,F*_s,F*_s,F*_s,F*_s,F*_s,0.0,F*_s,F*_f,F*_s,F*_s,F*_s,0.0,n_f,n_f,s_f,r_s,r_f,0.0,n_s,n_s,n_s,n_s,F*_s,2.0,r_s,r_s,r_s,r_s,F*_s,1.0,n_s,r_s,r_s,r_s,r_s,0.0
31710148,60,n_s,n_s,F*_s,n_s,F*_s,1.0,r_s,r_s,F*_s,r_s,r_s,1.0,F*_s,r_s,F*_s,F*_s,F*_s,1.0,n_s,n_s,F*_s,F*_s,F*_s,1.0,n_s,n_s,n_s,n_s,n_s,2.0,n_f,n_f,n_f,s_s,n_f,0.0,n_s,F*_s,F*_s,F*_s,F*_s,2.0,n_s,n_s,F*_s,F*_s,n_f,1.0,F*_f,n_s,n_s,r_s,n_s,1.0,n_s,F*_s,F*_s,F*_s,F*_s,1.0,n_s,n_s,n_s,n_s,n_s,0.0,n_f,r_s,r_s,r_s,n_s,0.0
31710150,60,F*_s,r_s,r_s,r_s,r_s,0.0,r_s,r_s,r_s,r_s,r_s,1.0,r_f,F*_f,F*_s,F*_s,F*_s,1.0,n_f,F*_s,n_f,n_s,n_s,2.0,r_f,n_s,n_s,n_s,n_s,2.0,n_f,n_f,s_f,n_f,n_f,0.0,n_f,n_f,n_s,n_s,n_s,1.0,r_s,n_s,r_s,r_s,n_s,2.0,n_f,n_f,r_f,n_f,r_s,0.0,n_s,F*_s,r_s,F*_s,r_s,1.0,F*_s,r_f,r_f,n_s,n_s,0.0,s_f,r_s,r_s,r_s,r_s,2.0
31710074,60,F*_s,F*_s,n_f,F*_s,F*_f,0.0,r_s,r_s,n_s,n_s,n_s,0.0,r_s,F*_s,F*_s,r_s,F*_s,1.0,n_s,n_f,n_s,F*_f,F*_s,0.0,n_s,F*_s,F*_s,n_s,n_s,0.0,n_f,n_f,n_f,n_f,n_f,0.0,F*_f,F*_s,F*_s,F*_s,F*_s,0.0,n_s,F*_s,F*_s,F*_s,F*_f,0.0,F*_f,r_f,r_f,n_f,n_f,2.0,n_f,r_s,r_s,r_s,r_s,1.0,r_s,r_s,r_s,r_s,n_s,2.0,r_f,r_s,r_f,r_s,r_s,2.0
31610025,60,F*_s,r_s,r_s,r_s,r_s,0.0,r_s,r_s,r_s,r_s,r_s,1.0,r_s,F*_s,F*_s,F*_s,F*_s,1.0,F*_s,n_s,n_s,n_s,n_s,0.0,n_s,F*_s,r_s,r_s,r_s,0.0,n_s,n_s,s_f,n_s,n_s,0.0,n_s,r_s,r_s,F*_s,F*_s,2.0,n_s,r_s,n_s,r_s,n_s,1.0,n_f,n_s,n_s,n_s,s_s,0.0,r_s,r_s,r_s,r_s,r_s,0.0,r_s,r_s,r_s,r_s,r_s,1.0,n_f,r_s,r_s,r_s,r_s,0.0
31410196,60,n_s,n_s,n_s,F*_s,r_s,1.0,r_s,n_s,r_s,r_s,r_s,0.0,n_s,n_f,F*_s,F*_s,F*_s,2.0,F*_s,F*_s,n_s,F*_f,F*_s,0.0,n_s,n_s,n_s,n_s,r_s,2.0,n_f,n_f,n_s,n_s,n_s,0.0,r_s,F*_s,n_s,n_s,n_s,1.0,r_s,n_s,n_s,F*_s,r_s,1.0,s_s,n_f,r_f,n_s,n_s,0.0,F*_s,F*_s,n_s,n_s,F*_s,0.0,r_s,r_s,r_s,r_s,r_s,1.0,n_s,r_s,r_s,r_s,r_s,0.0
31410011,60,r_s,r_s,r_s,r_s,r_s,0.0,r_s,r_s,r_s,r_s,r_s,1.0,r_s,r_s,r_s,r_s,r_s,0.0,F*_s,n_s,n_s,n_s,n_s,0.0,n_s,n_s,n_s,n_s,r_s,2.0,F*_f,s_f,n_f,n_s,r_s,1.0,F*_s,F*_s,n_s,n_s,n_s,1.0,F*_s,F*_s,r_f,n_s,n_s,2.0,r_s,n_s,r_s,n_s,n_s,0.0,n_s,r_f,r_s,r_s,r_s,1.0,r_s,r_s,r_s,r_s,r_s,1.0,r_s,r_s,r_s,r_s,r_s,2.0
31610016,60,n_s,F*_s,r_s,r_f,n_s,2.0,r_f,n_s,n_s,r_s,r_s,0.0,r_f,r_s,r_s,r_s,r_s,0.0,n_s,n_s,F*_s,F*_s,r_s,1.0,F*_f,n_s,n_s,n_s,F*_s,2.0,r_f,n_f,n_f,n_f,n_f,1.0,n_f,r_f,F*_s,r_s,r_s,2.0,n_f,r_s,F*_s,n_s,F*_s,0.0,F*_f,r_f,r_s,r_s,r_s,2.0,n_f,r_s,r_s,r_s,r_s,1.0,r_s,r_f,r_s,r_s,n_s,2.0,r_s,r_s,r_s,r_s,r_s,2.0
31210101,55,,,,,,,,,,,,,,,,,,,n_f,n_s,F*_s,F*_s,F*_s,1.0,n_f,F*_s,F*_s,F*_s,F*_s,0.0,F*_f,n_f,n_s,s_s,n_s,1.0,F*_s,F*_s,n_s,r_s,r_s,0.0,n_s,n_s,n_s,n_s,r_s,1.0,r_f,n_f,n_s,n_s,n_s,1.0,n_s,F*_s,F*_s,F*_s,r_s,1.0,F*_s,F*_s,n_s,n_s,r_s,0.0,n_s,r_s,r_s,r_s,r_s,0.0
31710002,54,,,,,,,,,,,,,,,,,,,n_s,F*_s,s_f,r_s,n_s,2.0,n_s,r_s,n_s,F*_s,F*_s,1.0,n_f,n_f,n_f,n_f,n_f,0.0,F*_s,F*_s,F*_f,r_s,F*_s,0.0,F*_s,F*_s,F*_s,F*_s,F*_s,0.0,n_f,n_f,n_s,s_s,s_s,0.0,F*_s,F*_s,F*_s,F*_s,n_s,0.0,s_f,n_f,n_s,r_f,r_s,0.0,n_s,n_s,n_f,s_s,s_f,1.0
31610044,49,,,,,,,,,,,,,,,,,,,n_s,F*_s,F*_s,F*_s,F*_s,1.0,F*_s,F*_s,F*_s,F*_s,F*_s,0.0,F*_f,n_f,s_s,n_f,r_s,1.0,F*_s,F*_s,F*_s,F*_s,F*_s,0.0,F*_s,F*_s,F*_s,F*_s,F*_s,0.0,n_f,n_f,n_s,r_s,n_s,0.0,,,,,,,,,,,,,,,,,,
31710096,45,,,,,,,,,,,,,,,,,,,n_s,F*_s,F*_s,F*_f,F*_s,1.0,F*_s,n_f,F*_s,F*_s,F*_s,0.0,r_f,n_f,n_f,s_s,s_s,1.0,F*_s,F*_s,F*_s,F*_s,F*_s,0.0,F*_s,F*_s,F*_s,F*_s,F*_s,0.0,F*_f,s_s,s_s,s_s,s_s,1.0,n_s,F*_s,F*_s,F*_s,F*_s,1.0,n_s,s_f,F*_s,s_f,r_s,1.0,s_s,s_s,s_s,s_s,s_s,1.0
s31610023,45,r_s,r_s,r_s,r_s,r_s,0.0,r_s,r_s,r_s,r_s,r_s,1.0,r_s,r_s,r_s,r_s,r_s,0.0,F*_s,n_s,n_s,n_s,n_s,0.0,n_s,n_s,F*_s,n_s,n_s,0.0,n_s,s_s,s_s,s_s,s_s,0.0,F*_s,F*_s,n_s,r_s,r_s,0.0,n_s,n_f,n_s,r_s,n_s,1.0,n_f,n_s,n_f,s_s,n_s,0.0,,,,,,,,,,,,,,,,,,
31610052,45,,,,,,,,,,,,,,,,,,,s_f,n_s,n_s,F*_s,F*_s,0.0,n_s,n_s,F*_s,F*_s,F*_s,0.0,r_s,r_s,r_s,r_s,n_s,2.0,F*_s,F*_s,F*_s,F*_s,F*_s,0.0,F*_f,F*_s,F*_s,F*_s,F*_s,0.0,n_f,s_s,s_s,n_f,s_s,0.0,F*_s,r_s,r_s,r_s,r_s,0.0,r_s,r_s,r_s,F*_s,F*_s,1.0,r_s,r_s,r_s,r_s,r_s,2.0
31710167,45,,,,,,,,,,,,,,,,,,,F*_s,F*_f,n_s,F*_s,n_s,0.0,r_f,n_s,n_f,n_s,r_s,2.0,F*_f,n_f,n_f,r_f,n_f,1.0,n_s,F*_s,F*_f,s_f,F*_s,2.0,n_s,F*_f,n_s,F*_s,F*_s,0.0,n_f,n_s,r_s,n_s,n_s,0.0,n_f,r_s,r_s,r_f,r_s,1.0,n_f,r_f,n_s,n_s,r_f,0.0,n_f,r_s,r_f,n_f,r_f,0.0
31710135,45,,,,,,,,,,,,,,,,,,,F*_s,F*_s,n_s,F*_s,n_s,0.0,n_s,n_s,n_s,n_s,n_s,2.0,n_f,n_s,n_s,n_s,n_s,0.0,F*_s,F*_s,F*_s,F*_s,F*_s,0.0,F*_s,F*_s,F*_s,F*_s,F*_s,0.0,n_s,n_f,n_f,n_s,n_s,0.0,F*_s,F*_s,F*_s,n_s,F*_s,0.0,F*_s,n_s,n_s,n_s,n_s,0.0,n_s,F*_s,F*_s,F*_s,F*_s,0.0
s31710137,45,,,,,,,,,,,,,,,,,,,F*_s,F*_s,F*_s,r_s,n_s,2.0,F*_s,F*_f,n_s,F*_s,F*_s,1.0,n_s,s_s,s_s,s_s,s_s,0.0,F*_s,F*_s,F*_s,F*_s,F*_s,0.0,F*_s,F*_s,F*_f,n_s,n_s,2.0,n_f,n_s,n_s,s_s,n_s,0.0,r_s,F*_s,n_s,F*_s,F*_s,1.0,F*_s,n_s,F*_s,n_s,n_s,0.0,n_f,n_s,r_s,n_s,r_s,0.0
31510062,45,,,,,,,,,,,,,,,,,,,r_f,F*_s,n_s,F*_s,F*_f,0.0,n_s,n_s,n_s,r_f,r_s,1.0,r_f,r_s,r_s,r_f,r_s,2.0,r_s,F*_f,F*_s,F*_s,F*_s,0.0,F*_s,F*_s,F*_f,F*_s,F*_s,0.0,r_f,n_s,n_f,n_s,n_s,1.0,n_s,r_s,F*_s,r_f,F*_f,1.0,n_s,n_s,n_s,n_s,n_s,0.0,n_s,r_f,r_s,r_s,r_s,0.0
31710165,45,,,,,,,,,,,,,,,,,,,n_s,F*_s,F*_s,F*_s,F*_s,1.0,n_s,F*_s,F*_s,F*_s,F*_s,0.0,n_f,n_s,s_s,s_f,s_s,0.0,F*_s,F*_s,F*_s,F*_s,F*_s,0.0,F*_s,F*_s,F*_s,F*_s,n_s,2.0,n_f,n_s,r_s,n_s,r_s,0.0,n_s,r_f,F*_s,F*_f,r_s,1.0,F*_s,r_s,n_s,F*_s,n_s,2.0,s_s,n_f,r_f,n_s,n_s,0.0
31610097,45,n_f,F*_f,n_s,n_s,F*_f,2.0,F*_s,F*_f,n_s,F*_s,n_s,2.0,r_f,n_s,r_s,n_s,r_s,0.0,F*_s,F*_s,F*_s,F*_s,n_s,2.0,F*_s,F*_s,F*_s,F*_s,F*_s,0.0,n_f,n_s,s_s,s_s,s_s,0.0,F*_s,F*_s,F*_s,n_s,F*_s,0.0,F*_s,F*_s,F*_s,F*_s,F*_s,0.0,F*_f,n_f,n_f,r_s,r_s,1.0,,,,,,,,,,,,,,,,,,
31710086,45,,,,,,,,,,,,,,,,,,,s_s,F*_s,n_s,F*_f,F*_s,0.0,F*_s,F*_s,F*_s,F*_s,F*_s,0.0,n_f,n_f,n_s,s_s,s_s,0.0,r_s,F*_s,F*_s,F*_s,F*_s,0.0,F*_s,F*_s,F*_s,F*_s,F*_s,0.0,n_f,s_s,s_s,s_s,s_s,0.0,F*_f,r_f,r_s,r_s,r_f,0.0,F*_s,r_f,r_s,r_s,r_s,1.0,r_s,r_s,r_s,r_s,r_s,2.0
31710061,45,n_s,n_f,F*_s,r_s,F*_s,1.0,F*_s,F*_s,r_s,r_s,n_s,2.0,n_s,n_s,n_s,s_s,n_f,0.0,F*_s,F*_s,F*_s,F*_s,n_s,2.0,n_s,F*_s,n_s,n_s,F*_s,1.0,n_f,n_f,s_s,n_s,n_s,0.0,,,,,,,,,,,,,,,,,,,n_s,n_s,r_s,r_s,F*_s,1.0,n_s,n_s,F*_s,n_s,F*_s,1.0,n_s,s_s,F*_s,F*_f,r_f,0.0
s31710125,45,F*_s,F*_s,F*_f,F*_s,F*_s,0.0,r_s,n_s,r_s,r_s,r_s,0.0,n_f,r_s,r_s,r_f,r_s,2.0,F*_s,r_s,n_s,r_f,r_f,0.0,n_f,F*_s,F*_s,F*_s,n_s,0.0,s_s,s_s,n_s,n_s,s_s,0.0,,,,,,,,,,,,,,,,,,,n_s,F*_s,n_s,n_s,r_f,1.0,r_s,r_s,n_s,r_f,n_s,2.0,n_s,r_f,r_s,r_s,r_s,0.0
31410170,45,r_s,r_s,r_s,r_s,r_s,0.0,r_s,r_s,r_s,r_s,r_s,1.0,F*_s,F*_s,F*_s,F*_s,F*_s,1.0,,,,,,,,,,,,,,,,,,,F*_s,F*_f,F*_s,F*_s,F*_s,0.0,F*_s,F*_s,F*_s,F*_s,F*_s,0.0,F*_f,r_s,r_s,r_f,r_s,2.0,F*_s,n_s,r_s,F*_s,F*_s,0.0,F*_s,r_s,r_s,r_s,r_f,1.0,n_s,r_s,r_s,r_f,r_s,0.0
31610158,45,n_s,F*_s,r_s,r_s,r_s,2.0,r_s,r_s,r_s,r_s,r_s,1.0,r_s,r_s,r_s,r_s,r_s,0.0,,,,,,,,,,,,,,,,,,,F*_s,F*_s,n_s,r_s,n_s,1.0,F*_s,F*_s,n_s,F*_s,F*_s,0.0,n_f,n_f,n_f,n_f,n_f,0.0,F*_f,F*_s,F*_s,n_s,F*_s,0.0,n_f,r_f,n_s,r_s,r_s,0.0,n_s,F*_s,r_s,r_s,F*_f,0.0
31610135,45,F*_s,F*_s,F*_s,r_s,r_s,0.0,n_s,n_s,n_f,r_s,n_s,0.0,F*_f,n_s,r_s,r_s,F*_s,0.0,n_s,F*_s,F*_s,F*_s,n_s,2.0,r_s,F*_s,F*_f,F*_s,n_s,0.0,s_s,s_f,s_s,s_s,s_s,0.0,F*_s,F*_s,F*_s,F*_s,F*_s,0.0,F*_f,F*_s,F*_f,F*_s,F*_s,0.0,r_f,s_f,n_s,s_s,s_s,1.0,,,,,,,,,,,,,,,,,,
72,45,n_s,n_f,r_s,r_s,r_s,1.0,r_s,r_s,r_s,r_s,r_s,1.0,r_f,r_f,r_f,r_s,r_f,0.0,,,,,,,,,,,,,,,,,,,F*_s,s_f,F*_s,F*_s,F*_s,0.0,n_s,F*_s,F*_f,F*_f,F*_s,0.0,F*_f,r_s,r_f,r_s,r_s,2.0,n_s,r_s,r_s,r_s,r_s,1.0,r_f,r_s,r_s,r_s,r_s,1.0,r_f,r_s,r_s,r_s,r_s,2.0
31610007,45,n_f,F*_s,F*_f,F*_s,n_s,2.0,F*_s,n_s,F*_s,F*_s,n_s,0.0,r_s,n_s,F*_s,r_f,r_s,0.0,F*_s,F*_s,F*_s,F*_s,F*_s,1.0,n_s,F*_s,F*_s,F*_s,F*_s,0.0,F*_f,n_f,r_f,s_s,r_s,1.0,F*_s,F*_s,F*_s,F*_s,F*_s,0.0,F*_s,F*_s,F*_s,F*_s,F*_s,0.0,n_f,n_f,n_f,n_f,n_f,0.0,,,,,,,,,,,,,,,,,,
31710112,40,,,,,,,,,,,,,,,,,,,F*_s,F*_s,F*_s,F*_s,F*_s,1.0,n_s,n_s,n_s,n_s,n_s,2.0,F*_f,s_s,n_s,n_s,n_s,1.0,F*_s,F*_s,F*_s,F*_s,F*_s,0.0,n_s,F*_s,F*_s,F*_s,F*_s,0.0,n_f,r_s,r_s,r_s,r_s,0.0,,,,,,,,,,,,,,,,,,
31510207,40,,,,,,,,,,,,,,,,,,,,,,,,,,,,,,,,,,,,,n_s,F*_s,F*_s,F*_s,F*_s,2.0,F*_f,F*_s,F*_s,F*_s,F*_s,0.0,n_f,n_s,r_f,s_s,n_s,0.0,F*_s,F*_s,F*_s,F*_s,F*_s,0.0,n_s,n_s,n_s,n_s,n_s,0.0,n_f,r_s,r_s,r_s,r_s,0.0
31710106,35,n_f,F*_s,n_s,n_s,n_f,2.0,n_s,n_f,r_s,n_s,r_s,1.0,F*_f,r_s,F*_s,r_s,r_s,1.0,,,,,,,,,,,,,,,,,,,,,,,,,,,,,,,,,,,,,n_s,r_f,r_s,r_f,r_s,1.0,n_s,r_s,n_s,n_s,n_s,0.0,n_f,r_s,r_s,r_s,r_s,0.0
31710143,30,,,,,,,,,,,,,,,,,,,,,,,,,,,,,,,,,,,,,F*_s,F*_s,F*_s,F*_s,F*_s,0.0,n_f,F*_s,F*_s,F*_s,F*_s,0.0,n_f,s_s,s_s,s_s,s_s,0.0,r_s,n_s,n_s,n_s,F*_f,2.0,n_s,n_f,r_s,n_s,r_s,1.0,r_s,n_s,n_f,r_s,n_s,1.0
s31610012,30,,,,,,,,,,,,,,,,,,,,,,,,,,,,,,,,,,,,,n_s,F*_f,F*_s,r_s,n_s,2.0,n_f,F*_s,n_s,n_s,n_f,1.0,F*_f,n_s,n_s,n_f,n_f,1.0,r_s,F*_s,F*_s,n_s,F*_s,0.0,r_f,F*_f,F*_s,F*_s,n_s,2.0,F*_f,r_s,r_f,r_f,r_f,2.0
31610028,30,r_s,r_s,r_s,r_s,r_s,0.0,r_s,r_s,r_s,r_s,r_s,1.0,r_s,r_s,r_s,r_s,r_s,0.0,,,,,,,,,,,,,,,,,,,,,,,,,,,,,,,,,,,,,r_f,r_s,r_s,r_s,r_s,0.0,r_s,r_s,r_s,r_s,r_s,1.0,r_s,r_s,r_s,r_s,r_s,2.0
31710129,30,,,,,,,,,,,,,,,,,,,F*_s,F*_s,F*_s,F*_s,F*_s,1.0,F*_s,n_s,F*_s,F*_s,F*_s,0.0,s_f,s_f,n_f,n_f,n_s,0.0,F*_s,F*_s,F*_f,F*_f,F*_s,0.0,F*_s,F*_s,F*_f,F*_s,F*_s,0.0,n_f,r_s,s_s,r_s,n_s,0.0,,,,,,,,,,,,,,,,,,
31710016,30,,,,,,,,,,,,,,,,,,,,,,,,,,,,,,,,,,,,,r_s,F*_s,n_f,F*_s,F*_s,0.0,F*_f,F*_s,n_s,n_f,F*_s,0.0,F*_f,n_s,n_s,n_s,n_s,1.0,F*_s,F*_s,F*_s,F*_s,F*_s,0.0,n_f,F*_f,F*_s,F*_s,F*_s,1.0,n_f,r_f,n_f,r_s,r_s,0.0
31710035,30,,,,,,,,,,,,,,,,,,,F*_f,F*_s,n_s,F*_s,F*_s,0.0,n_f,F*_f,n_s,n_s,F*_f,1.0,n_f,r_f,n_f,n_f,n_f,0.0,n_s,F*_s,F*_s,F*_s,F*_s,2.0,F*_s,n_s,F*_s,n_s,n_s,2.0,n_f,n_s,r_f,n_s,n_s,0.0,,,,,,,,,,,,,,,,,,
31710023,30,,,,,,,,,,,,,,,,,,,,,,,,,,,,,,,,,,,,,r_s,F*_s,F*_s,F*_s,F*_s,0.0,F*_s,F*_f,F*_s,F*_s,F*_f,0.0,n_f,s_s,s_s,s_s,s_s,0.0,F*_s,F*_s,F*_s,F*_s,F*_s,0.0,F*_s,F*_s,r_s,r_s,F*_s,1.0,n_s,n_s,n_s,n_s,n_s,1.0
s31710105,30,,,,,,,,,,,,,,,,,,,,,,,,,,,,,,,,,,,,,n_s,n_f,F*_s,n_s,F*_s,2.0,r_f,F*_s,r_s,F*_s,F*_s,0.0,r_f,r_s,r_f,r_s,n_f,2.0,n_s,F*_s,n_s,F*_s,F*_s,1.0,s_f,F*_s,F*_s,n_s,F*_s,1.0,F*_f,r_f,n_s,n_f,r_s,2.0
31610075,30,F*_s,r_s,r_s,r_s,r_s,0.0,r_s,r_s,r_s,r_s,r_s,1.0,r_s,r_f,n_f,r_s,r_s,0.0,,,,,,,,,,,,,,,,,,,,,,,,,,,,,,,,,,,,,r_s,r_s,r_s,r_s,r_s,0.0,r_s,r_s,r_s,r_s,r_s,1.0,r_s,r_s,r_s,r_s,r_s,2.0
31710042,30,,,,,,,,,,,,,,,,,,,,,,,,,,,,,,,,,,,,,F*_s,F*_s,F*_s,F*_s,n_f,2.0,s_s,F*_s,F*_s,F*_s,F*_s,0.0,n_s,s_s,n_s,n_s,s_s,0.0,F*_s,F*_s,F*_s,n_s,r_f,0.0,r_f,n_s,n_s,n_s,F*_s,0.0,n_f,r_s,n_s,n_s,n_f,1.0
s31710111,30,,,,,,,,,,,,,,,,,,,,,,,,,,,,,,,,,,,,,F*_s,F*_s,F*_s,F*_s,F*_s,0.0,n_s,n_s,F*_s,F*_s,n_s,1.0,F*_f,n_f,s_s,n_s,n_s,1.0,n_s,n_s,n_s,n_s,n_s,2.0,r_s,n_s,n_s,n_s,n_f,0.0,n_f,r_f,r_s,n_f,n_s,0.0
31710145,30,,,,,,,,,,,,,,,,,,,,,,,,,,,,,,,,,,,,,F*_s,F*_s,F*_s,F*_s,F*_s,0.0,n_s,n_s,n_s,n_s,F*_s,1.0,F*_f,r_f,r_s,r_s,r_s,2.0,F*_f,F*_s,F*_s,F*_s,n_s,0.0,s_f,F*_s,F*_s,r_s,F*_s,1.0,r_s,r_s,r_f,r_s,r_s,2.0
31610021,25,,,,,,,,,,,,,,,,,,,,,,,,,,,,,,,,,,,,,,,,,,,,,,,,,,,,,,,,,,,,,,,,,,,,,,,,
31410123,25,,,,,,,,,,,,,,,,,,,,,,,,,,,,,,,,,,,,,,,,,,,,,,,,,,,,,,,n_s,F*_s,n_s,F*_s,n_s,1.0,F*_s,n_s,n_s,r_s,n_s,0.0,n_s,n_s,r_s,r_f,r_s,0.0
31610079,20,,,,,,,,,,,,,,,,,,,,,,,,,,,,,,,,,,,,,,,,,,,,,,,,,,,,,,,,,,,,,,,,,,,,,,,,
31610043,20,,,,,,,,,,,,,,,,,,,,,,,,,,,,,,,,,,,,,,,,,,,,,,,,,,,,,,,,,,,,,,,,,,,,,,,,
31610124,20,,,,,,,,,,,,,,,,,,,,,,,,,,,,,,,,,,,,,,,,,,,,,,,,,,,,,,,r_s,r_f,r_f,r_f,F*_s,0.0,n_s,n_s,n_s,n_s,n_f,0.0,n_f,n_f,r_f,n_s,r_s,0.0
31710092,16,,,,,,,,,,,,,,,,,,,,,,,,,,,,,,,,,,,,,,,,,,,,,,,,,,,,,,,,,,,,,,,,,,,,,,,,
3161013,15,,,,,,,,,,,,,,,,,,,,,,,,,,,,,,,,,,,,,,,,,,,,,,,,,,,,,,,F*_s,n_s,F*_s,F*_s,F*_s,0.0,n_s,n_s,n_s,n_s,n_s,0.0,n_s,n_s,n_s,n_f,r_s,1.0
s31710117,15,,,,,,,,,,,,,,,,,,,,,,,,,,,,,,,,,,,,,n_s,r_f,n_s,F*_s,n_s,1.0,n_s,n_s,n_s,F*_s,F*_f,1.0,n_f,n_f,n_s,n_s,n_s,0.0,,,,,,,,,,,,,,,,,,
3161075,15,,,,,,,,,,,,,,,,,,,,,,,,,,,,,,,,,,,,,n_f,F*_s,F*_s,r_s,r_s,2.0,r_s,r_s,r_s,r_s,r_s,0.0,r_s,n_s,r_s,n_s,n_s,0.0,,,,,,,,,,,,,,,,,,
31710117,15,,,,,,,,,,,,,,,,,,,,,,,,,,,,,,,,,,,,,,,,,,,,,,,,,,,,,,,n_s,F*_f,F*_s,F*_s,n_f,1.0,r_f,F*_s,F*_s,F*_s,n_s,2.0,n_f,r_f,r_s,r_s,n_s,0.0
3161097,15,,,,,,,,,,,,,,,,,,,,,,,,,,,,,,,,,,,,,,,,,,,,,,,,,,,,,,,n_s,n_s,n_s,r_s,n_s,2.0,n_s,n_s,n_s,n_s,n_s,0.0,n_s,n_s,n_s,r_s,n_s,1.0
31710065,15,,,,,,,,,,,,,,,,,,,,,,,,,,,,,,,,,,,,,F*_s,n_s,F*_s,F*_s,F*_s,0.0,n_s,n_s,F*_s,F*_s,F*_s,1.0,r_s,n_s,n_f,s_s,s_s,1.0,,,,,,,,,,,,,,,,,,
31610164,15,,,,,,,,,,,,,,,,,,,,,,,,,,,,,,,,,,,,,F*_s,n_s,F*_s,F*_s,F*_s,0.0,F*_s,F*_s,F*_s,n_s,F*_s,0.0,s_s,s_s,s_s,r_s,n_s,0.0,,,,,,,,,,,,,,,,,,
31610035,15,,,,,,,,,,,,,,,,,,,,,,,,,,,,,,,,,,,,,,,,,,,,,,,,,,,,,,,r_f,F*_f,F*_s,F*_s,F*_s,0.0,F*_s,F*_s,F*_s,F*_s,n_f,2.0,r_f,r_s,r_s,r_s,r_s,2.0
31510173,15,,,,,,,,,,,,,,,,,,,,,,,,,,,,,,,,,,,,,,,,,,,,,,,,,,,,,,,F*_s,F*_s,F*_s,n_s,F*_s,0.0,n_s,F*_f,F*_s,n_s,F*_s,1.0,s_f,s_s,n_s,s_s,n_f,1.0
31710039,15,,,,,,,,,,,,,,,,,,,,,,,,,,,,,,,,,,,,,n_s,F*_s,n_s,n_s,n_s,1.0,n_s,n_s,n_s,n_s,n_s,1.0,n_f,n_s,n_s,n_s,n_s,0.0,,,,,,,,,,,,,,,,,,
s31710042,15,,,,,,,,,,,,,,,,,,,F*_s,F*_s,n_s,F*_s,F*_s,0.0,F*_f,r_s,r_s,r_s,r_s,0.0,n_f,n_f,s_s,s_s,s_s,0.0,,,,,,,,,,,,,,,,,,,,,,,,,,,,,,,,,,,,
31610012,15,F*_f,F*_f,n_s,F*_f,F*_s,0.0,F*_f,n_s,F*_s,F*_s,s_s,0.0,r_f,r_f,r_s,r_f,r_s,0.0,,,,,,,,,,,,,,,,,,,,,,,,,,,,,,,,,,,,,,,,,,,,,,,,,,,,,,
31610037,15,r_f,F*_s,F*_s,F*_s,F*_s,0.0,F*_s,F*_s,r_s,r_s,n_s,2.0,F*_f,F*_s,F*_s,F*_s,F*_s,1.0,,,,,,,,,,,,,,,,,,,,,,,,,,,,,,,,,,,,,,,,,,,,,,,,,,,,,,
31410066,15,F*_f,n_f,n_f,F*_s,n_s,0.0,F*_f,n_f,F*_s,F*_f,s_s,0.0,F*_f,s_f,n_s,r_s,n_s,0.0,,,,,,,,,,,,,,,,,,,,,,,,,,,,,,,,,,,,,,,,,,,,,,,,,,,,,,
31510087,15,F*_s,n_s,r_s,r_s,r_s,0.0,r_s,r_s,r_s,r_s,r_s,1.0,F*_s,F*_s,F*_s,r_s,F*_s,1.0,,,,,,,,,,,,,,,,,,,,,,,,,,,,,,,,,,,,,,,,,,,,,,,,,,,,,,
31610001,15,F*_f,F*_s,n_f,F*_s,n_s,0.0,r_s,r_s,r_s,n_s,r_s,1.0,F*_s,F*_s,F*_s,F*_s,F*_s,1.0,,,,,,,,,,,,,,,,,,,,,,,,,,,,,,,,,,,,,,,,,,,,,,,,,,,,,,
314110123,15,n_s,n_f,F*_s,n_s,n_s,1.0,n_s,F*_f,F*_s,n_s,r_s,1.0,F*_s,F*_s,F*_s,F*_s,F*_s,1.0,,,,,,,,,,,,,,,,,,,,,,,,,,,,,,,,,,,,,,,,,,,,,,,,,,,,,,
31510147,15,F*_s,r_s,r_s,r_s,r_s,0.0,r_s,r_s,r_s,r_s,r_s,1.0,r_s,n_s,F*_s,F*_s,F*_s,0.0,,,,,,,,,,,,,,,,,,,,,,,,,,,,,,,,,,,,,,,,,,,,,,,,,,,,,,
s3171037,15,s_s,n_s,F*_s,n_s,n_s,1.0,r_s,r_f,r_s,r_s,n_s,2.0,n_s,r_f,r_s,r_s,F*_s,2.0,,,,,,,,,,,,,,,,,,,,,,,,,,,,,,,,,,,,,,,,,,,,,,,,,,,,,,
S31610012,15,,,,,,,,,,,,,,,,,,,F*_f,n_s,n_s,n_s,F*_s,0.0,r_f,n_s,F*_s,r_s,n_s,0.0,F*_f,n_f,n_f,n_f,n_f,1.0,,,,,,,,,,,,,,,,,,,,,,,,,,,,,,,,,,,,
3161014,15,,,,,,,,,,,,,,,,,,,n_s,n_s,n_s,F*_s,F*_s,0.0,F*_s,F*_s,F*_s,F*_f,n_s,0.0,n_f,n_f,n_f,n_f,n_f,0.0,,,,,,,,,,,,,,,,,,,,,,,,,,,,,,,,,,,,
31710105,15,,,,,,,,,,,,,,,,,,,n_f,n_f,n_s,F*_s,n_s,0.0,n_f,F*_s,n_s,n_s,r_s,1.0,F*_f,n_f,s_s,s_s,s_s,1.0,,,,,,,,,,,,,,,,,,,,,,,,,,,,,,,,,,,,
31510037,12,,,,,,,,,,,,,,,,,,,,,,,,,,,,,,,,,,,,,,,,,,,,,,,,,,,,,,,,,,,,,,,,,,,,,,,,
31710111,10,,,,,,,,,,,,,,,,,,,,,,,,,,,,,,,,,,,,,,,,,,,,,,,,,,,,,,,,,,,,,,,,,,,,,,,,
31610112,10,,,,,,,,,,,,,,,,,,,,,,,,,,,,,,,,,,,,,,,,,,,,,,,,,,,,,,,,,,,,,,,,,,,,,,,,
ばんごう,10,,,,,,,,,,,,,,,,,,,,,,,,,,,,,,,,,,,,,,,,,,,,,,,,,,,,,,,,,,,,,,,,,,,,,,,,
